Donor_Id,BMI_DON_CALC,CREAT_DON,TBILI_DON,HGT_CM_DON_CALC,WGT_KG_DON_CALC,ABO_DON,GENDER_DON,HBV_CORE_DON,HBV_SUR_ANTIGEN_DON
100,15.74124834,3.7,0.6,113,20.1,A1,M,N,N
101,22.00656171,1.1,0.7,171.2,64.5,O,M,N,N
102,26.28780718,0.9,0.5,184,89,A,F,N,N
103,18.70774927,1.94,,186.4,65,A,F,N,N
104,30.13001042,0.9,0.7,161,78.1,A,M,N,N
105,19.34851101,1.39,1,168.6,55,B,F,N,N
106,68.44211285,1,1.7,171.2,200.6,O,F,N,N
107,28.34466208,2.1,,176.3,88.1,O,F,N,N
108,25.56610665,1.1,0.2,148,56,O,M,N,N